{
  "IcoMoonType": "selection",
  "icons": [
    {
      "icon": {
        "paths": [
          "M768 598v-86h-234l-86 86h320zM256 598h106l294-294q16-16 0-30l-76-76q-16-14-30 0l-294 294v106zM854 86q34 0 59 25t25 59v512q0 34-25 60t-59 26h-598l-170 170v-768q0-34 25-59t59-25h684z"
        ],
        "attrs": [],
        "isMulticolor": false,
        "isMulticolor2": false,
        "tags": [
          "rate_review"
        ],
        "grid": 24
      },
      "attrs": [],
      "properties": {
        "ligatures": "rate_review",
        "id": 560,
        "order": 11,
        "prevSize": 24,
        "name": "rate_review"
      },
      "setIdx": 0,
      "setId": 3,
      "iconIdx": 560
    },
    {
      "icon": {
        "paths": [
          "M384 0v96c73.482 0 144.712 14.37 211.716 42.71 64.768 27.394 122.958 66.632 172.948 116.624s89.228 108.18 116.624 172.948c28.342 67.004 42.712 138.238 42.712 211.718h96c0-353.46-286.54-640-640-640z",
          "M384 192v96c94.022 0 182.418 36.614 248.9 103.098 66.486 66.484 103.1 154.878 103.1 248.902h96c0-247.422-200.576-448-448-448z",
          "M480 384l-64 64-224 64-192 416 25.374 25.374 232.804-232.804c-1.412-5.286-2.178-10.84-2.178-16.57 0-35.346 28.654-64 64-64s64 28.654 64 64-28.654 64-64 64c-5.732 0-11.282-0.764-16.568-2.178l-232.804 232.804 25.372 25.374 416-192 64-224 64-64-160-160z"
        ],
        "tags": [
          "blog",
          "pen",
          "feed",
          "publish",
          "broadcast",
          "write"
        ],
        "defaultCode": 59657,
        "grid": 16,
        "attrs": []
      },
      "attrs": [],
      "properties": {
        "ligatures": "blog, pen2",
        "name": "blog",
        "order": 5,
        "id": 10,
        "prevSize": 32
      },
      "setIdx": 2,
      "setId": 1,
      "iconIdx": 9
    },
    {
      "icon": {
        "paths": [
          "M917.806 229.076c-22.212-30.292-53.174-65.7-87.178-99.704s-69.412-64.964-99.704-87.178c-51.574-37.82-76.592-42.194-90.924-42.194h-496c-44.112 0-80 35.888-80 80v864c0 44.112 35.888 80 80 80h736c44.112 0 80-35.888 80-80v-624c0-14.332-4.372-39.35-42.194-90.924zM785.374 174.626c30.7 30.7 54.8 58.398 72.58 81.374h-153.954v-153.946c22.984 17.78 50.678 41.878 81.374 72.572zM896 944c0 8.672-7.328 16-16 16h-736c-8.672 0-16-7.328-16-16v-864c0-8.672 7.328-16 16-16 0 0 495.956-0.002 496 0v224c0 17.672 14.326 32 32 32h224v624z",
          "M736 832h-448c-17.672 0-32-14.326-32-32s14.328-32 32-32h448c17.674 0 32 14.326 32 32s-14.326 32-32 32z",
          "M736 704h-448c-17.672 0-32-14.326-32-32s14.328-32 32-32h448c17.674 0 32 14.326 32 32s-14.326 32-32 32z",
          "M736 576h-448c-17.672 0-32-14.326-32-32s14.328-32 32-32h448c17.674 0 32 14.326 32 32s-14.326 32-32 32z"
        ],
        "tags": [
          "file-text",
          "file",
          "document",
          "list",
          "paper",
          "page"
        ],
        "defaultCode": 59686,
        "grid": 16,
        "attrs": []
      },
      "attrs": [],
      "properties": {
        "ligatures": "file-text2, file4",
        "name": "file-text2",
        "order": 7,
        "id": 39,
        "prevSize": 32
      },
      "setIdx": 2,
      "setId": 1,
      "iconIdx": 38
    },
    {
      "icon": {
        "paths": [
          "M672 192l-320-128-352 128v768l352-128 320 128 352-128v-768l-352 128zM384 145.73l256 102.4v630.138l-256-102.398v-630.14zM64 236.828l256-93.090v631.8l-256 93.088v-631.798zM960 787.172l-256 93.092v-631.8l256-93.090v631.798z"
        ],
        "tags": [
          "map",
          "guide"
        ],
        "defaultCode": 59724,
        "grid": 16,
        "attrs": []
      },
      "attrs": [],
      "properties": {
        "ligatures": "map2, guide2",
        "name": "map2",
        "order": 13,
        "id": 77,
        "prevSize": 32
      },
      "setIdx": 2,
      "setId": 1,
      "iconIdx": 76
    },
    {
      "icon": {
        "paths": [
          "M736 0h-448c-52.8 0-96 43.2-96 96v832c0 52.8 43.2 96 96 96h448c52.8 0 96-43.2 96-96v-832c0-52.8-43.2-96-96-96zM384 48h256v32h-256v-32zM512 960c-35.346 0-64-28.654-64-64s28.654-64 64-64 64 28.654 64 64-28.654 64-64 64zM768 768h-512v-640h512v640z"
        ],
        "tags": [
          "mobile",
          "cell-phone",
          "handheld"
        ],
        "defaultCode": 59736,
        "grid": 16,
        "attrs": []
      },
      "attrs": [],
      "properties": {
        "ligatures": "mobile, cell-phone",
        "name": "mobile",
        "order": 8,
        "id": 89,
        "prevSize": 32
      },
      "setIdx": 2,
      "setId": 1,
      "iconIdx": 88
    },
    {
      "icon": {
        "paths": [
          "M320 192c0-106.039 85.961-192 192-192s192 85.961 192 192c0 106.039-85.961 192-192 192s-192-85.961-192-192zM768.078 448h-35.424l-199.104 404.244 74.45-372.244-96-96-96 96 74.45 372.244-199.102-404.244h-35.424c-127.924 0-127.924 85.986-127.924 192v320h768v-320c0-106.014 0-192-127.922-192z"
        ],
        "tags": [
          "user-tie",
          "user",
          "user-employee",
          "profile",
          "avatar",
          "person",
          "member",
          "job",
          "official"
        ],
        "defaultCode": 59766,
        "grid": 16,
        "attrs": []
      },
      "attrs": [],
      "properties": {
        "ligatures": "user-tie, user5",
        "name": "user-tie",
        "order": 3,
        "id": 119,
        "prevSize": 32
      },
      "setIdx": 2,
      "setId": 1,
      "iconIdx": 118
    },
    {
      "icon": {
        "paths": [
          "M896 448h16c26.4 0 48-21.6 48-48v-160c0-26.4-21.6-48-48-48h-16v-192h-128v192h-16c-26.4 0-48 21.6-48 48v160c0 26.4 21.6 48 48 48h16v576h128v-576zM768 256h128v128h-128v-128zM592 832c26.4 0 48-21.6 48-48v-160c0-26.4-21.6-48-48-48h-16v-576h-128v576h-16c-26.4 0-48 21.6-48 48v160c0 26.4 21.6 48 48 48h16v192h128v-192h16zM448 640h128v128h-128v-128zM272 448c26.4 0 48-21.6 48-48v-160c0-26.4-21.6-48-48-48h-16v-192h-128v192h-16c-26.4 0-48 21.6-48 48v160c0 26.4 21.6 48 48 48h16v576h128v-576h16zM128 256h128v128h-128v-128z"
        ],
        "tags": [
          "equalizer",
          "sliders",
          "settings",
          "preferences",
          "dashboard",
          "control"
        ],
        "defaultCode": 59795,
        "grid": 16,
        "attrs": []
      },
      "attrs": [],
      "properties": {
        "ligatures": "equalizer2, sliders2",
        "name": "equalizer2",
        "order": 4,
        "id": 148,
        "prevSize": 32
      },
      "setIdx": 2,
      "setId": 1,
      "iconIdx": 147
    },
    {
      "icon": {
        "paths": [
          "M128 896h896v128h-1024v-1024h128zM288 832c-53.020 0-96-42.98-96-96s42.98-96 96-96c2.828 0 5.622 0.148 8.388 0.386l103.192-171.986c-9.84-15.070-15.58-33.062-15.58-52.402 0-53.020 42.98-96 96-96s96 42.98 96 96c0 19.342-5.74 37.332-15.58 52.402l103.192 171.986c2.766-0.238 5.56-0.386 8.388-0.386 2.136 0 4.248 0.094 6.35 0.23l170.356-298.122c-10.536-15.408-16.706-34.036-16.706-54.11 0-53.020 42.98-96 96-96s96 42.98 96 96c0 53.020-42.98 96-96 96-2.14 0-4.248-0.094-6.35-0.232l-170.356 298.124c10.536 15.406 16.706 34.036 16.706 54.11 0 53.020-42.98 96-96 96s-96-42.98-96-96c0-19.34 5.74-37.332 15.578-52.402l-103.19-171.984c-2.766 0.238-5.56 0.386-8.388 0.386s-5.622-0.146-8.388-0.386l-103.192 171.986c9.84 15.068 15.58 33.060 15.58 52.4 0 53.020-42.98 96-96 96z"
        ],
        "tags": [
          "stats-dots",
          "stats",
          "plot",
          "statistics",
          "chart"
        ],
        "defaultCode": 59803,
        "grid": 16,
        "attrs": []
      },
      "attrs": [],
      "properties": {
        "ligatures": "stats-dots, stats2",
        "name": "stats-dots",
        "order": 9,
        "id": 156,
        "prevSize": 32
      },
      "setIdx": 2,
      "setId": 1,
      "iconIdx": 155
    },
    {
      "icon": {
        "paths": [
          "M0 0h256v256h-256zM384 64h640v128h-640zM0 384h256v256h-256zM384 448h640v128h-640zM0 768h256v256h-256zM384 832h640v128h-640z"
        ],
        "tags": [
          "list",
          "todo",
          "bullet",
          "menu",
          "options"
        ],
        "defaultCode": 59834,
        "grid": 16,
        "attrs": []
      },
      "attrs": [],
      "properties": {
        "ligatures": "list, todo",
        "name": "list",
        "order": 6,
        "id": 187,
        "prevSize": 32
      },
      "setIdx": 2,
      "setId": 1,
      "iconIdx": 186
    },
    {
      "icon": {
        "paths": [
          "M384 512h-320v-128h320v-128l192 192-192 192zM1024 0v832l-384 192v-192h-384v-256h64v192h320v-576l256-128h-576v256h-64v-320z"
        ],
        "tags": [
          "enter",
          "signin",
          "login"
        ],
        "defaultCode": 59923,
        "grid": 16,
        "attrs": []
      },
      "attrs": [],
      "properties": {
        "ligatures": "enter, signin",
        "name": "enter",
        "order": 10,
        "id": 276,
        "prevSize": 32
      },
      "setIdx": 2,
      "setId": 1,
      "iconIdx": 275
    }
  ],
  "height": 1024,
  "preferences": {
    "showGlyphs": true,
    "showQuickUse": true,
    "showQuickUse2": true,
    "showSVGs": true,
    "fontPref": {
      "prefix": "icon-",
      "metadata": {
        "fontFamily": "icomoon"
      },
      "metrics": {
        "emSize": 1024,
        "baseline": 6.25,
        "whitespace": 50
      },
      "embed": false,
      "autoHost": true
    },
    "imagePref": {
      "prefix": "icon-",
      "png": true,
      "useClassSelector": true,
      "color": 0,
      "bgColor": 16777215,
      "classSelector": ".icon",
      "name": "icomoon",
      "autoHost": true
    },
    "historySize": 50,
    "showCodes": true,
    "gridSize": 16,
    "quickUsageToken": {
      "UntitledProject": "NGYwMTI2ZTA0MmJlMGE5ODRmMGNiMDk4OGUzOTQxNWMjMSMxNjU5MjYyNjkzIyMjM2YxNTE0MGY0OTU1"
    }
  }
}